a_email,phone_number
user0@example.com,+66685977152
user1@example.com,+66513192377
user2@example.com,+66444951371
user3@example.com,+66941166555
user4@example.com,+66318766968
user5@example.com,+66021613139
user6@example.com,+66407195576
user7@example.com,+66949332655
user8@example.com,+66826740432
user9@example.com,+66934275638
user10@example.com,+66375939190
user11@example.com,+66925417042
user12@example.com,+66367471003
user13@example.com,+66716969204
user14@example.com,+66132713711
user15@example.com,+66889847499
user16@example.com,+66505529982
user17@example.com,+66775495082
user18@example.com,+66518221343
user19@example.com,+66644161463
user20@example.com,+66422650712
user21@example.com,+66938296670
user22@example.com,+66665247178
user23@example.com,+66118530948
user24@example.com,+66030354513
user25@example.com,+66102975846
user26@example.com,+66210581325
user27@example.com,+66625176364
user28@example.com,+66746778051
user29@example.com,+66658517805
