enrollment_id,verify_date,verify_status,image_url,a_email
84bba90e-463b-46ab-b7b1-6edb37451b20,2023-02-03 22:00:05,Fail,http://example.com/image0.jpg,user20@example.com
bf1f00ca-34aa-4876-8c3e-9a6d88377b4a,2023-09-11 07:15:09,Ongoing,http://example.com/image1.jpg,user15@example.com
d581d94d-89b6-4e47-96a9-e94a963ede63,2023-09-06 19:25:31,Complete,http://example.com/image2.jpg,user0@example.com
171d2303-19a0-493f-8027-28016c2e12ce,2023-02-28 15:10:29,Fail,http://example.com/image3.jpg,user28@example.com
6189d0d4-3357-4d40-bd19-770bc2541e9c,2023-04-12 18:26:03,Complete,http://example.com/image4.jpg,user26@example.com
665397e1-599a-4f16-9719-697f05c741b6,2023-10-01 04:33:25,Fail,http://example.com/image5.jpg,user13@example.com
2a793937-0152-4ebe-ae29-c270a757b29b,2023-03-12 21:15:43,Complete,http://example.com/image6.jpg,user16@example.com
38474fe1-b49a-4ad3-b76a-52dd947caf06,2023-12-20 20:31:10,Complete,http://example.com/image7.jpg,user22@example.com
fe6b3e31-de32-4f02-b8ee-b38ddfc3895f,2023-05-22 01:11:31,Ongoing,http://example.com/image8.jpg,user22@example.com
d98396a6-7a8a-4f9b-a17f-c9d80c179ebb,2023-03-17 10:22:09,Fail,http://example.com/image9.jpg,user0@example.com
49291886-0ea1-4e58-8690-f8f45e364bb9,2023-09-12 11:58:33,Complete,http://example.com/image10.jpg,user26@example.com
5bb548a1-7c28-4b15-be3d-632cefb1db6f,2023-05-18 06:56:13,Ongoing,http://example.com/image11.jpg,user26@example.com
a35df217-c96c-4450-815a-2a454b946ed0,2023-10-17 17:01:49,Complete,http://example.com/image12.jpg,user2@example.com
4a36d0df-fe26-40f9-ae07-5094f7c57c75,2023-07-16 17:13:24,Ongoing,http://example.com/image13.jpg,user28@example.com
3c7142d7-4375-45bb-aa82-710c28519b0e,2023-05-04 05:29:44,Fail,http://example.com/image14.jpg,user22@example.com
441eb4c1-e567-497c-ba95-095ef7029a46,2023-05-08 22:41:00,Ongoing,http://example.com/image15.jpg,user11@example.com
5b8e5190-0458-49a8-989b-9849fea7dce0,2023-08-12 11:33:02,Complete,http://example.com/image16.jpg,user17@example.com
4ed848a2-2dc5-4483-8e81-1a8bad6f68ac,2023-04-21 02:04:55,Fail,http://example.com/image17.jpg,user26@example.com
99c52ffd-f9a2-4c96-981c-9929b5f69928,2023-06-20 07:25:29,Fail,http://example.com/image18.jpg,user15@example.com
84c0c686-ab34-4ff4-9889-4737f6710812,2023-04-26 03:43:11,Ongoing,http://example.com/image19.jpg,user9@example.com
d265068e-4f55-41b5-8273-e0b4faa9cab3,2023-03-28 14:07:05,Ongoing,http://example.com/image20.jpg,user0@example.com
c2ea40d3-04c5-4bf8-ac9e-b296800e66d3,2023-05-29 10:33:00,Complete,http://example.com/image21.jpg,user22@example.com
7f42ae69-dc57-4777-a806-b775ce6db082,2023-06-08 10:59:14,Fail,http://example.com/image22.jpg,user26@example.com
b67d7102-5e96-4170-9f66-ff81e20a292d,2023-01-10 11:29:23,Fail,http://example.com/image23.jpg,user15@example.com
e28e99ea-7772-42cd-8999-1cab2fcf9015,2023-05-07 13:19:59,Complete,http://example.com/image24.jpg,user29@example.com
d762b4cf-031e-4c2c-8951-0794cd1a492e,2023-04-16 20:27:55,Fail,http://example.com/image25.jpg,user26@example.com
9fd8a873-4faf-43d2-bef2-8ed1be51cda0,2023-05-10 20:06:18,Complete,http://example.com/image26.jpg,user19@example.com
906a335e-ccb7-4d31-b922-b5680c483073,2023-11-23 17:38:46,Fail,http://example.com/image27.jpg,user17@example.com
063fe392-f69c-4c35-a11a-e547e4a84c9c,2023-07-31 00:04:42,Complete,http://example.com/image28.jpg,user13@example.com
6676347c-f8f5-4193-ab83-17becf8240be,2023-04-23 12:10:16,Ongoing,http://example.com/image29.jpg,user16@example.com
