Email,Bank_account,Role,Birthdate,Firstname,Lastname,Phone_number,Display_name,Password,Contact_Info
user1@example.com,1592406898,Tutor,1985-04-23,Firstname1,Lastname1,4569082605,user_1,password1,user_1@example.com
user2@example.com,1113582430,Admin,2007-01-17,Firstname2,Lastname2,4599927542,user_2,password2,user_2@example.com
user3@example.com,7806574269,Admin,1971-04-20,Firstname3,Lastname3,3738431320,user_3,password3,user_3@example.com
user4@example.com,8381263761,Admin,2001-06-05,Firstname4,Lastname4,5173606159,user_4,password4,user_4@example.com
user5@example.com,2107525791,Admin,1994-02-19,Firstname5,Lastname5,4602841512,user_5,password5,user_5@example.com
user6@example.com,5953718650,Admin,1979-12-13,Firstname6,Lastname6,6510087387,user_6,password6,user_6@example.com
user7@example.com,3206353494,Tutor,1970-06-16,Firstname7,Lastname7,4555222988,user_7,password7,user_7@example.com
user8@example.com,2875178684,Tutor,1986-09-13,Firstname8,Lastname8,2139117817,user_8,password8,user_8@example.com
user9@example.com,3592465840,Learner,1998-10-10,Firstname9,Lastname9,1473158843,user_9,password9,user_9@example.com
user10@example.com,9446711545,Learner,1995-07-20,Firstname10,Lastname10,9211733608,user_10,password10,user_10@example.com
user11@example.com,8789780810,Admin,1999-07-19,Firstname11,Lastname11,9259072255,user_11,password11,user_11@example.com
user12@example.com,1265755747,Learner,2003-12-22,Firstname12,Lastname12,4489444342,user_12,password12,user_12@example.com
user13@example.com,4703163763,Admin,2015-05-16,Firstname13,Lastname13,1690826014,user_13,password13,user_13@example.com
user14@example.com,9310587885,Tutor,2017-12-14,Firstname14,Lastname14,9370821672,user_14,password14,user_14@example.com
user15@example.com,1160850434,Tutor,1997-05-03,Firstname15,Lastname15,3936153572,user_15,password15,user_15@example.com
user16@example.com,1609227034,Tutor,1990-10-17,Firstname16,Lastname16,8046182924,user_16,password16,user_16@example.com
user17@example.com,6870957071,Tutor,1995-07-02,Firstname17,Lastname17,3158718177,user_17,password17,user_17@example.com
user18@example.com,2221576087,Admin,1979-08-22,Firstname18,Lastname18,2703758509,user_18,password18,user_18@example.com
user19@example.com,7033237207,Learner,1980-10-31,Firstname19,Lastname19,9108103373,user_19,password19,user_19@example.com
user20@example.com,2011916529,Learner,2007-12-28,Firstname20,Lastname20,5079207789,user_20,password20,user_20@example.com
user21@example.com,6006657998,Tutor,1991-08-19,Firstname21,Lastname21,7444768927,user_21,password21,user_21@example.com
user22@example.com,9843620108,Admin,1993-05-26,Firstname22,Lastname22,6483422929,user_22,password22,user_22@example.com
user23@example.com,3177048491,Tutor,1970-05-27,Firstname23,Lastname23,6286777062,user_23,password23,user_23@example.com
user24@example.com,5405454942,Learner,1983-05-18,Firstname24,Lastname24,5872386966,user_24,password24,user_24@example.com
user25@example.com,4284459585,Learner,2015-08-24,Firstname25,Lastname25,8553226789,user_25,password25,user_25@example.com
user26@example.com,6300753895,Learner,2002-09-24,Firstname26,Lastname26,7098900318,user_26,password26,user_26@example.com
user27@example.com,1274387114,Admin,2005-08-23,Firstname27,Lastname27,6239464921,user_27,password27,user_27@example.com
user28@example.com,3695444283,Learner,2011-04-04,Firstname28,Lastname28,4618495346,user_28,password28,user_28@example.com
user29@example.com,3110546891,Tutor,1982-05-02,Firstname29,Lastname29,6638911773,user_29,password29,user_29@example.com
user30@example.com,2615159944,Tutor,1986-11-11,Firstname30,Lastname30,1143547360,user_30,password30,user_30@example.com
